servreqid,text,id,label,newlabel,newid
225303109, Unauthorized camping,CSB-General Inquiry,7,7,CSB-General Inquiry
226683968, Garbage,CSB-General Inquiry,7,3,SPU-Illegal Dumping Report
235497220,Threatening graffiti- ,SPU-Graffiti Report,0,0,SPU-Graffiti Report
245975158,Complaint came in 3 days ago. Vehicle would have moved or would have been cited by now. ,SPD-Parking Enforcement,4,4,SPD-Parking Enforcement
211829891,Graffiti ,SPU-Graffiti Report,0,0,SPU-Graffiti Report
247704675,Acab tag ,SPU-Graffiti Report,0,0,SPU-Graffiti Report
208175246, Broken glass and a pile of cigarette butts underneath the southernmost bench at magnolia blvd lookout park.,CSB-General Inquiry,7,7,CSB-General Inquiry
192927553,"Private Property and damaged to vehicle. Call the person who submitted FIFI SR and explained that 911 should by the owner of the vehicle. Used syringe on ground beside car, following break-in of car.",CSB-General Inquiry,7,4,SPD-Parking Enforcement
231273692, Abandon vehicle that appears stolen. License plates are gone and rear tires have been removed. The VIN is blocked as well. It is a tan colored Honda Accord. It is partially in the street and they hazard to traffic.,SPD-Parking Enforcement,4,2,SDOT-Abandoned Vehicle
232259274, Garbage,CSB-General Inquiry,7,3,SPU-Illegal Dumping Report
247742682,traffic signs along E Lynn St and Boyer Ave E from Delmar to 23rd ,SPU-Graffiti Report,0,8,SDOT-Sign and Signal Maintenance
213396183, Overgrown shrub blocking sight line to oncoming traffic. You have to pull out into the middle of the intersection on 26th to see if it's safe to proceed. Leaving you vulnerable to be hit by speeding cars that drive east or west on East Roy Street. Please address. Thank you!,CSB-General Inquiry,7,12,SEA-Overgrown Vegetation
224720640,"Due to 72 hr moratorium by Mayor Durkan this request will not be serviced at this time. Please resubmit if still an issue after the current crisis protocols are lifted. In case of immediate emergency or in progress crime, call 911.. ",SPD-Parking Enforcement,4,7,CSB-General Inquiry
228696411, The tree pictured has some very large limbs that are dead. During some recent windstorm's and a number of larger pieces have come down. Just concerned as a number of people walk through this area very close to the tree.,CSB-General Inquiry,7,7,CSB-General Inquiry
190351489,"SENT FOR INSPECTION  PER INSPECTOR SENT TO ELMGROVE
Someone dumped a toilet on the sidewalk between 4426 4th Ave NE and Slave To The Needle Tattoo.  Can someone please remove it? ",SPU-Illegal Dumping Report,3,3,SPU-Illegal Dumping Report
230607132, White 4 door Chevrolet Impala with flat tire on drives side,CSB-General Inquiry,7,2,SDOT-Abandoned Vehicle
216719653,The street cleaner may have pushed them away from the curb where the cars park but they should not have left them in the cross walk. ,SEA-Overgrown Vegetation,12,7,CSB-General Inquiry
227282856," I worry this newly-developed, illegal homeless camp will create sanity, safety, drugs, and criminal issues into this neighborhood. It is also unsafe to the homeless people to illegally camp inside the woods behind the I-5 fence.",CSB-General Inquiry,7,1,SEA-Unauthorized Encampment
196929876, BF Day Playground is covered in alge and mold. It needs to be power washed. Thank you.,CSB-General Inquiry,7,6,SPR-Maintenance
239359792,Purple tag on electric pole ,SPU-Graffiti Report,0,0,SPU-Graffiti Report
248115975, Garbage and graffiti,CSB-General Inquiry,7,0,SPU-Graffiti Report
222548199,Property sign has been graffitied ,SPU-Graffiti Report,0,0,SPU-Graffiti Report
236145732,Side of Shewin Williams store at Rainier and Henderson ,SPU-Graffiti Report,0,0,SPU-Graffiti Report
210666642,Thank you for your time and assistance with making these signs more clear. ,SPD-Parking Enforcement,4,1,SEA-Unauthorized Encampment
234141158, Broken storm drain cover,CSB-General Inquiry,7,7,CSB-General Inquiry
208339436,PEO sent to investigate 4/13/19 @1325. ,SPD-Parking Enforcement,4,4,SPD-Parking Enforcement
233493758,Graffiti in Prefontaine Fountain ,SPU-Graffiti Report,0,0,SPU-Graffiti Report
196566856,"**Sent an email to the Farmer's Market**
Capitol Hill farmers market shed- dark green shed located in the north plaza of Seattle Central College ",SPU-Graffiti Report,0,7,CSB-General Inquiry
245653560,Dup to 66944 ,SPD-Parking Enforcement,4,4,SPD-Parking Enforcement
221198795," Unauthorized camping - Pine St in between 17th and 18th, little, boxes everywhere",CSB-General Inquiry,7,1,SEA-Unauthorized Encampment
198806038,RV Remediation clean up 08-21-18 ,SPD-Parking Enforcement,4,2,SDOT-Abandoned Vehicle
202845728, Garbage - city park. Huge bag of something dumped over fence in Pigeon point park.,CSB-General Inquiry,7,3,SPU-Illegal Dumping Report
209952815, Illegal camping on kids playground and school grounds. My kids play here daily and this cream is sitting here staring at our children's playground creeping people out. Please clean this immediately.,CSB-General Inquiry,7,1,SEA-Unauthorized Encampment
214340552,There is graffiti on and around the building on the south side of the intersection of Dexter Ave N and Highland Dr ,SPU-Graffiti Report,0,0,SPU-Graffiti Report
227235635," Playground in use- Are playgrounds open or closed in Seattle? We want to use them too. Make public health guidelines clear. People are using them but still closed, yes?",CSB-General Inquiry,7,7,CSB-General Inquiry
246633782, Reaching out in regards to the Rat Infested Alley which is now effecting the Gordon Apartment and the residents cars parked in alleyway. Despite extensive pest control solutions the rats are continuing to worsen and damage the building and residents cars. The restaurant's in the alley consistently leave open/uncovered barrels of kitchen grease/ripped open bags of trash in the alley. The uncovered barrel of kitchen grease is so full it is overflowing over the side of the barrel as well.,CSB-General Inquiry,7,7,CSB-General Inquiry
215583140,Light out ,SCL-Streetlight Report,13,13,SCL-Streetlight Report
242615073,Melted and burnt recycling and trash can from a garbage fire out in front of this residence. Cannot be easily picked up or disposed of due to weight and sizes of melted objects. Routine city trash pick up did not pick these items up due to this. ,SPU-Illegal Dumping Report,3,3,SPU-Illegal Dumping Report
236391981,Expired tabs 3/5/2019 ,SPD-Parking Enforcement,4,2,SDOT-Abandoned Vehicle
208218046,Tag on neighborhood watch sign ,SPU-Graffiti Report,0,0,SPU-Graffiti Report
191852360,NOT ILLEGAL DUMPING.  SENT TO CSB. FOR SDOT ,SPU-Illegal Dumping Report,3,3,SPU-Illegal Dumping Report
224420570,City's  3 minute  passenger loading zone signage covered with stickers needs cleaning. ,SPU-Graffiti Report,0,0,SPU-Graffiti Report
200793771,"Please, address this as soon as you can. ",SPD-Parking Enforcement,4,1,SEA-Unauthorized Encampment
229541742, Homeowner stores his detached trailer outside the home on the public street in violation of ordinance 11.72.430,CSB-General Inquiry,7,7,CSB-General Inquiry
195944821, ENCAMPMENT on the South side of Denny Way between 2nd Ave & Broad St,CSB-General Inquiry,7,1,SEA-Unauthorized Encampment
231534680,Tags  **routed to ARTS 1% ,SPU-Graffiti Report,0,0,SPU-Graffiti Report
199057555,RV Remediation clean up 08-21-18 There is a long row of rv's on fidalgo generating mountains of trash.  They've been there for months.  Is there anything you can do to help?,SPD-Parking Enforcement,4,1,SEA-Unauthorized Encampment
248264939,Need this car gone asap for a community event ,SPD-Parking Enforcement,4,4,SPD-Parking Enforcement
225734434, Unauthorized camping,CSB-General Inquiry,7,7,CSB-General Inquiry
193500636, Illegal camping and seems like bunch of garbage from the camp from 311 Danny  that was cleared,CSB-General Inquiry,7,1,SEA-Unauthorized Encampment
223526785,PIC ,SPU-Illegal Dumping Report,3,0,SPU-Graffiti Report
239004517,Graffiti on traffic signal box ,SPU-Graffiti Report,0,0,SPU-Graffiti Report
199603467,Abandoned shopping carts and garbage everywhere- spilling into roadway ,SPU-Illegal Dumping Report,3,3,SPU-Illegal Dumping Report
197750675,Graffiti / tag ,SPU-Graffiti Report,0,0,SPU-Graffiti Report
210024869, Thank you for responding and addressing my prior requests for Graffiti.  Appreciate the quick response!,SPU-Graffiti Report,0,0,SPU-Graffiti Report
212280549,Graffitti on Link entrance ,SPU-Graffiti Report,0,0,SPU-Graffiti Report
249535426, Camping,CSB-General Inquiry,7,7,CSB-General Inquiry
243344731,"Duplicate to CSR #10509
>
Motorcycle has been parked in the same place with no plates since November 30th. ",SDOT-Abandoned Vehicle,2,2,SDOT-Abandoned Vehicle
205933365," Dear Mayor Durkan, I have worked in the old Cress building at Third and Pike before the new QFC moved in and now I travel through the neighborhood on my way for volunteer work at the Aquarium and my frequent trips to the Market. It has always been a ""tough"" intersection but now I find myself avoiding it entirely because of the filth that has accumulated on the sidewalks in resent weeks and over the last couple of months it seems. I realize that it is an important intersection for the homeless as there is the QFC and Starbucks and transit available there. The checkers in the QFC told me the cleaning of the sidewalk is not their problem as there is supposed to be street cleaners in that neighborhood. The recent cold weather has made this an incredibly unpleasant area. I feel that this area needs immediate attention. I cannot blame the homeless but something has to be done to keep this area clean. I am sure it is attracting rats and further filth. Can the City provide more cleaners in this area, or provide garbage bags and pickup for the ""residence"" to self clean and then provide some guidance to them to help, and make contact with the store owners to provide some effort to keep this area clean. It seems to me the stores, the GFC and Starbucks, and the restaurants on Pike, are deliberately not cleaning in the hopes that the filth will drive away the street people. That doesn't work. It is a downright eyesore and does not look good to the residence of the neighborhood or to the tourists going to the Market. What can I do to help.",CSB-General Inquiry,7,7,CSB-General Inquiry
223896522, Multiple campers along North side of Ballard Library,CSB-General Inquiry,7,1,SEA-Unauthorized Encampment
241629893,PEO Rudd will be responding to this complaint ,SPD-Parking Enforcement,4,4,SPD-Parking Enforcement
239944264,Graffit ,SPU-Graffiti Report,0,0,SPU-Graffiti Report
191208452,BAG OF TRAS ON THE ROADWAY JUST WEST OF INTERSECTION ,SPU-Illegal Dumping Report,3,3,SPU-Illegal Dumping Report
242992459,Terrible Graffiti at 63rd St underpass below Hwy 99 ,SPU-Graffiti Report,0,0,SPU-Graffiti Report
227267842,Tagging ,SPU-Graffiti Report,0,0,SPU-Graffiti Report
249515893, Tent in gardens of Freeway Park on Seneca Street between Hubble Pl and 6th Avenue.,CSB-General Inquiry,7,1,SEA-Unauthorized Encampment
217064862, Large tent in green belt,CSB-General Inquiry,7,1,SEA-Unauthorized Encampment
195373464,"SENT FOR INSPECTION
Street sign and furniture dumped in alley ",SPU-Illegal Dumping Report,3,7,CSB-General Inquiry
214244798,Silver Hyundai and red Grand Prix are dumping trash again ,SPU-Illegal Dumping Report,3,3,SPU-Illegal Dumping Report
226759185,Junk ,SPU-Illegal Dumping Report,3,3,SPU-Illegal Dumping Report
216512784,We found the cables and wires were cut off this morning. Unsure of what happened or if someone deliberately damaged the light pole. There is no lighting at all! See photos. ,SCL-Streetlight Report,13,13,SCL-Streetlight Report
241613959, Broken bike lane barrier,CSB-General Inquiry,7,8,SDOT-Sign and Signal Maintenance
225601249, Tent encampment on public park site,CSB-General Inquiry,7,1,SEA-Unauthorized Encampment
211951807,occurred July 6 at 6pm PST. ,SPU-Graffiti Report,0,1,SEA-Unauthorized Encampment
223171205," We are moving to Seattle from out of state.  We will be renting at the location listed and would appreciate information on setting up utility(s) accounts i.e., electric, water, sewer, garbage, etc.Thank You Gary Gouldgouldgt@gmail.com845-341-3800  mobile",CSB-General Inquiry,7,7,CSB-General Inquiry
213319945, Garbage,CSB-General Inquiry,7,3,SPU-Illegal Dumping Report
248215206, Missed recycling pickup,CSB-General Inquiry,7,7,CSB-General Inquiry
232094333,Moratorium in effect for 72 hour (abandoned vehicle) per Mayor Durkan until further notice. ,SPD-Parking Enforcement,4,4,SPD-Parking Enforcement
204731198,"collect litter east and west sides 8th Ave NW 

 ",SPU-Illegal Dumping Report,3,3,SPU-Illegal Dumping Report
229096531,"Encampment on Demand for homeless camp garbage just inside the I-5 fence, requested by David Hare ",SPU-Illegal Dumping Report,3,1,SEA-Unauthorized Encampment
237948916,PEO Gardea will respond to this complaint ,SPD-Parking Enforcement,4,4,SPD-Parking Enforcement
214248923, There are two features that would be nice to have in this app.    1. There should be a way to add updates   new information to a report. I would like to add new info when a problem gets worse  e.g. additional tents  possibly stolen bikes getting taken apart  etc.    2. There should be some information and explanation when a report is marked closed  especially when the problem still exists.    Thanks,CSB-General Inquiry,7,7,CSB-General Inquiry
239472479,On east side of street ,SCL-Streetlight Report,13,2,SDOT-Abandoned Vehicle
248286395,Corner lot.  Scooter is on the Linden Avenue facing side. ,SDOT-Shared Micromobility,10,10,SDOT-Shared Micromobility
213634367,"SDOT: Please see request below for possible ""No Parking 6AM-5PM"" signage. ",SPD-Parking Enforcement,4,7,CSB-General Inquiry
219740828," The two white vans in the photo have been parked in the same place, in a two-hour zone, for YEARS. I have a photo I took three years ago of them in the same spot. There are ongoing signs of illegal activity involving the occupants, including drug activity and in more than one occasion the presence of bikes that were stolen in the neighborhood. Two blocks down the street, I just passed a car that had an Orange notice on it for parking in the same place for more than 72 hours. The failure to remove the two vans demonstrates inequitable and unconstitutional application of the law. Please address this situation that has been going on for years.",CSB-General Inquiry,7,2,SDOT-Abandoned Vehicle
249134382, Homeless Encampment & Human Poop,CSB-General Inquiry,7,1,SEA-Unauthorized Encampment
202236499,DUPE Unauthorized camping,SPD-Parking Enforcement,4,2,SDOT-Abandoned Vehicle
191465616, Tents set up under viaduct behind 55 bell street. This area is still designated an emphasis area by spd and the navigation team.,CSB-General Inquiry,7,1,SEA-Unauthorized Encampment
190477535,"SENT FOR INSPECTION
 ",SPU-Illegal Dumping Report,3,4,SPD-Parking Enforcement
233937143, Unauthorized camping -Garbage,SPD-Parking Enforcement,4,1,SEA-Unauthorized Encampment
232915797,City park ,SPU-Graffiti Report,0,0,SPU-Graffiti Report
249152160,This vehicle is parked at the intersection of North 109th ST. and Fremont Avenue North ,SDOT-Abandoned Vehicle,2,2,SDOT-Abandoned Vehicle
236174714,Moratorium still in effect for 72 hour (abandoned vehicle) per Mayor Durkan until further notice. ,SPD-Parking Enforcement,4,4,SPD-Parking Enforcement
239416893,"Sidewalk graffiti, maybe 10 sqft ",SPU-Graffiti Report,0,0,SPU-Graffiti Report
221571921,Seattle fly study samples ,SPU-Illegal Dumping Report,3,7,CSB-General Inquiry
197771152," The new update has been made needles, feces, trash",CSB-General Inquiry,7,3,SPU-Illegal Dumping Report
197126170," Illegal encampment, over three weeks",SPD-Parking Enforcement,4,1,SEA-Unauthorized Encampment
228717362," Agnes called the Customer Service Bureau to report empty sign post hardware (crosswalk signal) that is sticking out of the ground which made her trip and have a bad fall. This is on the Southeast corner of 2nd and Blanchard. It should have a crosswalk signal button, but it's empty and just the hardware sticking up. Agnes is requesting this be covered, marked, or replaced with a pole and signal likebefore so nobody else gets injured.",CSB-General Inquiry,7,7,CSB-General Inquiry
203010576, Extremely high volume of homeless tents and trash just piled up next to the toad and bus stops in this area.,CSB-General Inquiry,7,1,SEA-Unauthorized Encampment
201705752,DUPE AV request ,SPD-Parking Enforcement,4,2,SDOT-Abandoned Vehicle
212616469,obscene ,SPU-Graffiti Report,0,0,SPU-Graffiti Report
244762379,Eagr has been busy ,SPU-Graffiti Report,0,7,CSB-General Inquiry
214222605, Pole damaged,CSB-General Inquiry,7,13,SCL-Streetlight Report
205657925,Graffiti ,SPU-Graffiti Report,0,0,SPU-Graffiti Report
194481050,Repaint curb and replace sign ,SDOT-Sign and Signal Maintenance,8,8,SDOT-Sign and Signal Maintenance
222425155, Illegal dumping of misc waste next to 2 rvs,CSB-General Inquiry,7,3,SPU-Illegal Dumping Report
207774802, Illegal camp in Ravenna Park,CSB-General Inquiry,7,1,SEA-Unauthorized Encampment
212045520, Pile of objects. see photo.,CSB-General Inquiry,7,3,SPU-Illegal Dumping Report
195126038, Overgrown grass along 8th towards s Trenton st. Makes it hard to see when exiting and entering the alleyway. Overgrown grass on to public sidewalk,CSB-General Inquiry,7,12,SEA-Overgrown Vegetation
203650903, Unauthorized squatting. People living in abandoned home stealing power via. Extension cord from new development,CSB-General Inquiry,7,1,SEA-Unauthorized Encampment
206029317,Duplicate ,SPD-Parking Enforcement,4,4,SPD-Parking Enforcement
236038783,"thank you
STW-625
BODYD

 ",SEA-Overgrown Vegetation,12,12,SEA-Overgrown Vegetation
243789120,Assorted garbage on sidewalk left behind by a car that was doing repairs on side of road ,SPU-Illegal Dumping Report,3,3,SPU-Illegal Dumping Report
209036198,"Yard waste filled with food in plastic, not collected. Raccoons tipped over garbage all over. ",SPU-Illegal Dumping Report,3,7,CSB-General Inquiry
196371958, Garbage blocking sidewalk. There is a giant pile of refuse blocking the sidewalk.,CSB-General Inquiry,7,3,SPU-Illegal Dumping Report
241289902, Side streets public walkwY,CSB-General Inquiry,7,0,SPU-Graffiti Report
219772354,Closed due to age re: poster ,SDOT-Pothole,11,0,SPU-Graffiti Report
238291599,Post office box ,SPU-Graffiti Report,0,0,SPU-Graffiti Report
203494524,Graffiti on base of street light ,SPU-Graffiti Report,0,0,SPU-Graffiti Report
244563757,Metal appliance ,SPU-Illegal Dumping Report,3,7,CSB-General Inquiry
204476928,Side wall of convenience store ,SPU-Graffiti Report,0,0,SPU-Graffiti Report
242917672,"Transferred to SDOT general. Signs valid according to Temporary no park website.
>
Tried to send response back to complainant-comes back undeliverable. ",SPD-Parking Enforcement,4,4,SPD-Parking Enforcement
240506057, Graffit,SPU-Graffiti Report,0,0,SPU-Graffiti Report
246333346,Area PEO will be responding to this complaint ,SPD-Parking Enforcement,4,4,SPD-Parking Enforcement
224325952," apartment building trash dumpster overflowing, has missed pickup by waste management?",CSB-General Inquiry,7,7,CSB-General Inquiry
192857405," There is a growing problem with illegal camping, trash, needles and crime in the Northeast Queen Anne Greenbelt near my home. What is the plan for cleaning up this area and ensuring that it is safe for families to use the public paths through that area?",CSB-General Inquiry,7,1,SEA-Unauthorized Encampment
212505269, Tent,CSB-General Inquiry,7,1,SEA-Unauthorized Encampment
242077184,PEO Schenck will be responding to this complaint ,SPD-Parking Enforcement,4,4,SPD-Parking Enforcement
214411329,"ELM
Chairs on the corner (and in the middle of Ravenna Blvd), and a couch and lazy boy chair in the distance. Thanks! ",SPU-Illegal Dumping Report,3,3,SPU-Illegal Dumping Report
225731014, Stolen bench boards.,CSB-General Inquiry,7,7,CSB-General Inquiry
241838587,Duplicate of SR #21-00269714 Stolen shopping cart on Interurban,CSB-General Inquiry,7,7,CSB-General Inquiry
241494805,Duplicate ,SPD-Parking Enforcement,4,4,SPD-Parking Enforcement
248227582,back parking lot ,SDOT-Abandoned Vehicle,2,4,SPD-Parking Enforcement
205585918, Guard rail smashed,CSB-General Inquiry,7,7,CSB-General Inquiry
233974460, Customer contacted CSB to report that he saw homeless encampment near intersection of 19TH AVE & E MADISON ST. Customer is hoping to have HOPE team visit site and remove encampment.,CSB-General Inquiry,7,1,SEA-Unauthorized Encampment
225333835, Vandalized public art in park at 31st AVE S & Genesee St in Rainier Vista.,CSB-General Inquiry,7,0,SPU-Graffiti Report
200482244, tent removal and RV parking,CSB-General Inquiry,7,1,SEA-Unauthorized Encampment
196980426,"DUPE AV requests for both vehicles pictured in attachment. 
RV CAMPING Garbage dumped on parkway, bikes, stolen trash cans,  clothes,  wood, furniture",SPD-Parking Enforcement,4,2,SDOT-Abandoned Vehicle
243865561, BICYCLE ON PLANTING STRIP NEXT TO POLE,CSB-General Inquiry,7,3,SPU-Illegal Dumping Report
198401416," Homeless encampment, with prostitution activity seen.  60 feet north of bus stop.  Blocking sidewalk for transit customers.",CSB-General Inquiry,7,1,SEA-Unauthorized Encampment
224523282,No plates on vehicle. Wondering if it is stolen. ,SPD-Parking Enforcement,4,2,SDOT-Abandoned Vehicle
215648347,PEO sent to investigate 9/29/19. Car gone. ,SPD-Parking Enforcement,4,2,SDOT-Abandoned Vehicle
213401154,ELM ,SPU-Illegal Dumping Report,3,12,SEA-Overgrown Vegetation
199002972,"I do not feel comfortable getting close enough to these vehicles to obtain their license plate numbers, but if a city official were to go to the intersection, the problem would be obvious. ",SPD-Parking Enforcement,4,4,SPD-Parking Enforcement
192705550,SENT TO CSB.  PARKS DEPT Trash dumped in various spots at victory creek park. Caution needles!,CSB-General Inquiry,7,3,SPU-Illegal Dumping Report
235743653,"2 H [CIRCLE P] 7A-6P MON-FRI, EXC BY ZN 16 PERMIT ",SPD-Parking Enforcement,4,4,SPD-Parking Enforcement
193895434, Stripped bicycle locked to rack,CSB-General Inquiry,7,10,SDOT-Shared Micromobility
190307429,SENT TO CSB/ACTIVE CAMP ,SPU-Illegal Dumping Report,3,2,SDOT-Abandoned Vehicle
193081234, Encampment,CSB-General Inquiry,7,1,SEA-Unauthorized Encampment
192920322,Street light out ,SCL-Streetlight Report,13,13,SCL-Streetlight Report
209405866, Unauthorized camping,CSB-General Inquiry,7,7,CSB-General Inquiry
218184039, Homeless people are camped here and doing drugs. I've also seen them grafitti nearby buildings,CSB-General Inquiry,7,1,SEA-Unauthorized Encampment
197745232, Broken sprinkler,CSB-General Inquiry,7,7,CSB-General Inquiry
228458289, All streetlights along ferry walkway on 24/7 (missing 7 digit IDs to report),CSB-General Inquiry,7,13,SCL-Streetlight Report
200660712, Needles,CSB-General Inquiry,7,3,SPU-Illegal Dumping Report
229101791, Derelict RV. Dumping black tanks in right of way,SPD-Parking Enforcement,4,2,SDOT-Abandoned Vehicle
221069220, Camping on private property,CSB-General Inquiry,7,1,SEA-Unauthorized Encampment
235100343, Abandoned silver sedan Buz7001,SPD-Parking Enforcement,4,2,SDOT-Abandoned Vehicle
223365713,"On westbound NW 80th St past 13th Ave NW, there is a deep crack in the concrete which is a hazard for bicycle tires. https://i.imgur.com/xPeOJxw.jpg ",SDOT-Pothole,11,11,SDOT-Pothole
209988192," Customer reported someone threw blue and yellow paint all over the bridge steps, railing and wall. He said this is a huge tourist area where buses stop for the views of the city.  He also reported the bridge is extremely dirty, needs to be cleaned (pressure washed and hasn't been cleaned in over a year) and said if it's not cleaned he is going to be contacting the Mayor's office.",CSB-General Inquiry,7,7,CSB-General Inquiry
246453514,The area PEO will respond to this complaint. ,SPD-Parking Enforcement,4,4,SPD-Parking Enforcement
221340906, Deserted Homeless trash,CSB-General Inquiry,7,3,SPU-Illegal Dumping Report
245470814, Loud bang/ gun shot from encampment,CSB-General Inquiry,7,1,SEA-Unauthorized Encampment
231786932,"Vehicle appears to have people living in it. Registration up to date. 72hrs moratorium still in effect.
#7287 ",SPD-Parking Enforcement,4,2,SDOT-Abandoned Vehicle
239156384,Some type of children's furniture ,SPU-Illegal Dumping Report,3,3,SPU-Illegal Dumping Report
196038605, Sidewalk overgrowth,CSB-General Inquiry,7,12,SEA-Overgrown Vegetation
209523739," Illegal homeless encampment in the median. With schools all around this area and reports being filed to the non-emergency police number about the man going into private property and snooping around, it is unsafe. Lots of trash in the median now as well.

One tent setup with a bunch of shopping carts. The man has been going into my neighbors backyards looking around. There is an elementary school less than a block away and a high school just a couple blocks away.",CSB-General Inquiry,7,1,SEA-Unauthorized Encampment
219672020, Sidewalk always blocked by people sitting and loitering in the sidewalk. Union Gospel Mission is causing this problem by encouraging and supporting this behavior. The are around UBG is filthy with garbage and human waste.,CSB-General Inquiry,7,1,SEA-Unauthorized Encampment
198448840,"Spilling into street. Repeated dumping going on here.
Large amount of bagged and boxed items. . Looks hazardous. Bring gloves and masks ",SPU-Illegal Dumping Report,3,3,SPU-Illegal Dumping Report
234779213, Car Camping,CSB-General Inquiry,7,2,SDOT-Abandoned Vehicle
230168393,Moratorium in effect for 72 hour (abandoned vehicle) per Mayor Durkan until further notice. ,SPD-Parking Enforcement,4,4,SPD-Parking Enforcement
224332109,"ON TRAFFIC ISLAND ""TAB"" ",SPU-Graffiti Report,0,0,SPU-Graffiti Report
220882087," Lots of garbage observable on top of greenbelt.  Thank you for cleaning up the bottom of the greenbelt.  Now, please remove the tents and garbage from the top of the hill.  Looks like an illegal garbage dump.",CSB-General Inquiry,7,1,SEA-Unauthorized Encampment
250087359,Area PEO will be responding to this complaint ,SPD-Parking Enforcement,4,4,SPD-Parking Enforcement
232752601," Abandoned vehicle for more than a week. Broken window on passenger side. Driver window rolled down. People approaching vehicle and looking inside, etc.",CSB-General Inquiry,7,2,SDOT-Abandoned Vehicle
198611131," Hiding in plain sight. This is an illegal encampment and a bike chop shop. While we were heading north,  we witness two guys  working on the blue bike on the far left, when walking south, we witness the second guy ""fixin"" up a different bike. They have a number of bikes and wheels around the encampment. I have reported this location multiple times to your organization but nothing was done. Is the city condoning brazen chop shops on main arterial of Seattle now ?",CSB-General Inquiry,7,1,SEA-Unauthorized Encampment
229103737, Left turn signal does not respond to waiting cars,CSB-General Inquiry,7,8,SDOT-Sign and Signal Maintenance
216514971,8201 Aurora Ave N pole address ,SCL-Streetlight Report,13,12,SEA-Overgrown Vegetation
196153457, Overgrown vegetation,CSB-General Inquiry,7,12,SEA-Overgrown Vegetation
206972879,"
 two large tents (previously removed) back again blocking sidewalk, accumulating trash, bikes, shopping carts, directly in front of entrance to NHL office, corner of 1st Ave W and W. Harrison.",CSB-General Inquiry,7,1,SEA-Unauthorized Encampment
247114757,Area PEO will be responding to this complaint ,SPD-Parking Enforcement,4,4,SPD-Parking Enforcement
244733989,It appears that someone may be living out of the van and it doesn't ever change location. Concerned because of close proximity to Ballard Boys & Girls Club and traffic from families and kids. ,SDOT-Abandoned Vehicle,2,2,SDOT-Abandoned Vehicle
198097379," Encampment bigger, more full of trash and bikes than ever. Sidewalk is also now blocked by garbage. Reported this a month ago.",CSB-General Inquiry,7,1,SEA-Unauthorized Encampment
229767924,Moratorium in effect for 72 hour (abandoned vehicle) per Mayor Durkan until further notice. ,SPD-Parking Enforcement,4,4,SPD-Parking Enforcement
248580311,Area PEO will be responding to this complaint ,SPD-Parking Enforcement,4,4,SPD-Parking Enforcement
214634766,"Hoping there is a time limit to which this ""for sale"" truck can be parked here.
duplicate to 187840 ",SPD-Parking Enforcement,4,4,SPD-Parking Enforcement
216596271, Loitering in front of 206 Bell apartments/belltown brewing which are private businesses/owned,CSB-General Inquiry,7,7,CSB-General Inquiry
199287507,Sign hit by car. ,SDOT-Sign and Signal Maintenance,8,8,SDOT-Sign and Signal Maintenance
234110590," John Wilson called CSB with questions about what the City could do about the parking in front of and very close to his curb cut, can any signs be installed?  He said there are times when he can't feel safe about exiting his driveway due to the cars or motorcycles parked so near.  He said he is also concerned because this location is very close to the new Roosevelt station - what is the City's plan for signage and parking enforcement in the area once so many commuters will be driving in?",CSB-General Inquiry,7,7,CSB-General Inquiry
218606957, Ripped fencing,CSB-General Inquiry,7,7,CSB-General Inquiry
241937380,Wires hanging down into sidewalk ,SCL-Streetlight Report,13,7,CSB-General Inquiry
207792725, Illegal encampment,CSB-General Inquiry,7,1,SEA-Unauthorized Encampment
222940331, Downed tree,CSB-General Inquiry,7,7,CSB-General Inquiry
243241605, i moved out of this building at the end of august and im stil getting charged.,CSB-General Inquiry,7,1,SEA-Unauthorized Encampment
231662103,There has been a black Toyota 4Runner parked in a 2 hour zone  in front of small businesses that need the parking to stay afloat for 5 days now. It needs to move ASAP! ,SPD-Parking Enforcement,4,4,SPD-Parking Enforcement
236689035,A bunch of graffiti at the lookout points at the Mapleleaf Peapatch area making it far less inviting ,SPU-Graffiti Report,0,0,SPU-Graffiti Report
242996365," Tree is down, blocking pedestrian path.",CSB-General Inquiry,7,12,SEA-Overgrown Vegetation
232758443, Stolen shopping cart and loitering and littering and PUBLIC HEALTH ENDANGERMENT,CSB-General Inquiry,7,7,CSB-General Inquiry
239126687,Tag ,SPU-Graffiti Report,0,0,SPU-Graffiti Report
235230260,On 24th Ave in front of cafe and salon ,SPU-Illegal Dumping Report,3,2,SDOT-Abandoned Vehicle
217981530,thanks! ,SDOT-Sign and Signal Maintenance,8,4,SPD-Parking Enforcement
248975820,Duplicate to CSR #127614 ,SDOT-Abandoned Vehicle,2,2,SDOT-Abandoned Vehicle
248611458,"Officer safety, SPD area patrol is aware of it and HOPE Team ",SDOT-Abandoned Vehicle,2,7,CSB-General Inquiry
219170802,Obscene hateful graffiti ,SPU-Graffiti Report,0,0,SPU-Graffiti Report
196827188,Broken sign ,SDOT-Sign and Signal Maintenance,8,8,SDOT-Sign and Signal Maintenance
194938819,City's 30 minute commercial loading zone signage covered in graffiti needs cleaning. ,SPU-Graffiti Report,0,0,SPU-Graffiti Report
194126532, Multiple campers,CSB-General Inquiry,7,1,SEA-Unauthorized Encampment
191775804,SENT TO CSB.  ACTIVE CAMP Two abandoned carts of trash at entrance to Ravenna Woods.At least one cart of trash about twenty feet up the hill of Ravenna Woods.Another encampment already starting after recent cleanup.Please nip in the bud before it gets bad again.,CSB-General Inquiry,7,1,SEA-Unauthorized Encampment
196278921, Pole on right side of photo should be removed as the new pole on the left of photo appears to replace it. I've reported a couple times on this over the past year or so. Please provide update as old pole blocks sightlines from/to bus stop on Delridge. Also is so close to curb that bus mirrors are almost hit so buses stop farther from curb. Pole #1380777,CSB-General Inquiry,7,13,SCL-Streetlight Report
208356026, Unauthorized camping,CSB-General Inquiry,7,7,CSB-General Inquiry
202852428,All 3 bulbs out on the West side of Occidental Way S and Railroad Way S. No post number ,SCL-Streetlight Report,13,13,SCL-Streetlight Report
243366834,Duplicate to CSR #22114 ,SDOT-Abandoned Vehicle,2,2,SDOT-Abandoned Vehicle
234822923,Cowen park. Hate graffiti ,SPU-Graffiti Report,0,0,SPU-Graffiti Report
240004013,PEO Zahalka will be responding to this complaint ,SPD-Parking Enforcement,4,4,SPD-Parking Enforcement
242250638, D line bus stop glass panels broken,CSB-General Inquiry,7,7,CSB-General Inquiry
209247121, Suspicious RV has been camped out on our street.  Sometimes there are several young men coming in and out of the RV.  Recently put NO TRESPASSING signs in the windows. It was ticked by the police about 6 days ago.  The neighbors are quite uncomfortable about someone living in the RV where we can't see what they are up to and have no idea who they are.  There are children and elderly on our block. This is a nice neighborhood and we want to keep it that way. Please remove this vehicle for the neighborhood safety.  We do appreciate all your efforts and sympathize that this is a tough issue.,CSB-General Inquiry,7,1,SEA-Unauthorized Encampment
244149229, Illegal street squatters have setup camp with all their junk,CSB-General Inquiry,7,1,SEA-Unauthorized Encampment
246362303,Trash on stteet ,SPU-Illegal Dumping Report,3,3,SPU-Illegal Dumping Report
238021142, A young street tree has been chopped out of the ground,CSB-General Inquiry,7,7,CSB-General Inquiry
215780370, The neighbor across the alley has repeatedly filled my trash and recycling cans with garbage and has dumped old furniture on my property. We have them on video doing it. I donâ€™t want to be charged for their trash to be removed,CSB-General Inquiry,7,3,SPU-Illegal Dumping Report
216927192,UNKNOWN ,SPU-Illegal Dumping Report,3,4,SPD-Parking Enforcement
228983036,The one house north of us has new tenants this year. We didn't have this problem with the former tenants of that house. ,SPU-Illegal Dumping Report,3,1,SEA-Unauthorized Encampment
245914895, Tent camp & trash in trees next to road.  2 tents and trash.,CSB-General Inquiry,7,1,SEA-Unauthorized Encampment
196816953,non emergency spd complaint For last week a man has played an  electric guitar solo in the jade restaurant parking lot with an amplifier.,CSB-General Inquiry,7,7,CSB-General Inquiry
246382063, Door open to boarded up army reserve building.,CSB-General Inquiry,7,7,CSB-General Inquiry
227124255,Knocked down last night ,SDOT-Sign and Signal Maintenance,8,7,CSB-General Inquiry
214202193,Graffiti on multiple signs at SB I5 on-ramp making them un-readable. ,SPU-Graffiti Report,0,0,SPU-Graffiti Report
194544165,"Pavement markings faded, needs repainting ",SDOT-Sign and Signal Maintenance,8,7,CSB-General Inquiry
242122209,"THE VEHICLE WAS PARKED IN THIS LOCATION SOMETIME ON SATURDAY, DECEMBER 18.  IT IS BLOCKING OUR GARAGE MAKING IT DIFFICULT OR IMPOSSIBLE TO ACCESS IT.  THERE IS OPEN STREET PARKING DIRECTLY ACROSS 95TH STREET. ",SDOT-Abandoned Vehicle,2,2,SDOT-Abandoned Vehicle
238199884,Homeless people started occupying the backyard of empty property (probably illegally) a few months ago and piling up garbage in the public alley. ,SPU-Illegal Dumping Report,3,1,SEA-Unauthorized Encampment
215016697, Contractor consistently placing several cones to restrict public from parking. Home on corner 34th ave w & Armour. Cones are put out on Armour. This across street from public library.,CSB-General Inquiry,7,7,CSB-General Inquiry
193347369, sewer not covered properly.. had been wooden grating destroyed by construction work several months ago.. unsafe!!!,CSB-General Inquiry,7,7,CSB-General Inquiry
233359564,"Light has been out for several months, and has been reported at least once with no action.  Street is very dark as no other street light is close. ",SCL-Streetlight Report,13,13,SCL-Streetlight Report
226990291, Possibly illegal camping,CSB-General Inquiry,7,1,SEA-Unauthorized Encampment
212002527,Tag on traffic control box ,SPU-Graffiti Report,0,0,SPU-Graffiti Report
233402949, Car camping,CSB-General Inquiry,7,2,SDOT-Abandoned Vehicle
236273338, Used oil and car parts left from a run down RV that was parked on blocks yesterday.,SPD-Parking Enforcement,4,3,SPU-Illegal Dumping Report
245343645, Repaint yellow curb at 89 Blanchard st.,CSB-General Inquiry,7,8,SDOT-Sign and Signal Maintenance
225604252, Garbage cans full and garbage in the park,CSB-General Inquiry,7,7,CSB-General Inquiry
223566350," Given the Governor's order last week allowing outdoor tennis, when will the city courts re-open?  Thank you.  Gary",CSB-General Inquiry,7,7,CSB-General Inquiry
238455671," Drummer and trombone exceeding noise ordinance limits.  Readings greater then 70 db from 100 feet.  The drummer is here many days of the week with a sign posting people to online payments.  
The noise is constant, a nuisance for residents who live nearby and is especially disturbing during work hours with many of us working from home.

Please enforce the existing noise ordinance.
 Thank you",CSB-General Inquiry,7,7,CSB-General Inquiry
226560839, Cars running red lights long after yellow light ends coming down Denny with some regularity.,SDOT-Sign and Signal Maintenance,8,7,CSB-General Inquiry
195528905,Parking is very limited and these vehicles are affecting the businesses on our block. the guy living in his van is constantly leaving garbage laying around. ,SPD-Parking Enforcement,4,1,SEA-Unauthorized Encampment
242112767,It's damaged and has been here for 4 weeks. ,SDOT-Abandoned Vehicle,2,7,CSB-General Inquiry
242021981, Forgotten couch,SPU-Illegal Dumping Report,3,3,SPU-Illegal Dumping Report
229927278,private property graffiti 1 graffiti tag,CSB-General Inquiry,7,0,SPU-Graffiti Report
237137529, Vechile without any plates,CSB-General Inquiry,7,2,SDOT-Abandoned Vehicle
247182954, Encampment blocking sidewalk,CSB-General Inquiry,7,1,SEA-Unauthorized Encampment
200188838, Campers,CSB-General Inquiry,7,1,SEA-Unauthorized Encampment
